Country,AQI Value,CO AQI Value,Ozone AQI Value,NO2 AQI Value,PM2.5 AQI Value
United States,60.3956,1.487405,27.20076,8.799618,58.63359
Peru,36.63415,0.715447,12.03252,1.211382,36.31707
India,154.5101,1.807544,56.34205,2.059151,150.7994
